[
    {
      "month": "January",
      "year": 2024,
      "category": "Electronics",
      "sales": 12000,
      "region": "North America"
    },
    {
      "month": "February",
      "year": 2024,
      "category": "Clothing",
      "sales": 8000,
      "region": "Europe"
    },
    {
      "month": "March",
      "year": 2024,
      "category": "Home Appliances",
      "sales": 15000,
      "region": "Asia"
    },
    {
      "month": "April",
      "year": 2024,
      "category": "Groceries",
      "sales": 20000,
      "region": "South America"
    },
    {
      "month": "May",
      "year": 2024,
      "category": "Beauty Products",
      "sales": 9000,
      "region": "Africa"
    },
    {
      "month": "June",
      "year": 2024,
      "category": "Electronics",
      "sales": 17000,
      "region": "Europe"
    },
    {
      "month": "July",
      "year": 2024,
      "category": "Furniture",
      "sales": 11000,
      "region": "North America"
    },
    {
      "month": "August",
      "year": 2024,
      "category": "Clothing",
      "sales": 10000,
      "region": "Asia"
    },
    {
      "month": "September",
      "year": 2024,
      "category": "Toys",
      "sales": 7500,
      "region": "South America"
    },
    {
      "month": "October",
      "year": 2024,
      "category": "Groceries",
      "sales": 22000,
      "region": "Europe"
    },
    {
      "month": "November",
      "year": 2024,
      "category": "Electronics",
      "sales": 25000,
      "region": "Asia"
    },
    {
      "month": "December",
      "year": 2024,
      "category": "Beauty Products",
      "sales": 9500,
      "region": "North America"
    },
    {
      "month": "January",
      "year": 2023,
      "category": "Clothing",
      "sales": 8200,
      "region": "Africa"
    },
    {
      "month": "February",
      "year": 2023,
      "category": "Electronics",
      "sales": 14000,
      "region": "Europe"
    },
    {
      "month": "March",
      "year": 2023,
      "category": "Home Appliances",
      "sales": 13000,
      "region": "North America"
    },
    {
      "month": "April",
      "year": 2023,
      "category": "Furniture",
      "sales": 12000,
      "region": "Asia"
    },
    {
      "month": "May",
      "year": 2023,
      "category": "Toys",
      "sales": 6000,
      "region": "South America"
    },
    {
      "month": "June",
      "year": 2023,
      "category": "Groceries",
      "sales": 18000,
      "region": "Africa"
    },
    {
      "month": "July",
      "year": 2023,
      "category": "Beauty Products",
      "sales": 8700,
      "region": "Europe"
    },
    {
      "month": "August",
      "year": 2023,
      "category": "Clothing",
      "sales": 10200,
      "region": "North America"
    },
    {
      "month": "September",
      "year": 2023,
      "category": "Electronics",
      "sales": 15000,
      "region": "Asia"
    },
    {
      "month": "October",
      "year": 2023,
      "category": "Furniture",
      "sales": 11000,
      "region": "South America"
    },
    {
      "month": "November",
      "year": 2023,
      "category": "Groceries",
      "sales": 21000,
      "region": "Europe"
    },
    {
      "month": "December",
      "year": 2023,
      "category": "Home Appliances",
      "sales": 17000,
      "region": "Africa"
    },
    {
      "month": "January",
      "year": 2022,
      "category": "Electronics",
      "sales": 11500,
      "region": "North America"
    },
    {
      "month": "February",
      "year": 2022,
      "category": "Beauty Products",
      "sales": 7500,
      "region": "Europe"
    },
    {
      "month": "March",
      "year": 2022,
      "category": "Furniture",
      "sales": 13000,
      "region": "Asia"
    },
    {
      "month": "April",
      "year": 2022,
      "category": "Groceries",
      "sales": 19500,
      "region": "South America"
    },
    {
      "month": "May",
      "year": 2022,
      "category": "Toys",
      "sales": 7000,
      "region": "Africa"
    },
    {
      "month": "June",
      "year": 2022,
      "category": "Clothing",
      "sales": 9500,
      "region": "Europe"
    },
    {
      "month": "July",
      "year": 2022,
      "category": "Home Appliances",
      "sales": 14500,
      "region": "North America"
    },
    {
      "month": "August",
      "year": 2022,
      "category": "Electronics",
      "sales": 12000,
      "region": "Asia"
    },
    {
      "month": "September",
      "year": 2022,
      "category": "Beauty Products",
      "sales": 8000,
      "region": "South America"
    },
    {
      "month": "October",
      "year": 2022,
      "category": "Furniture",
      "sales": 10500,
      "region": "Africa"
    },
    {
      "month": "November",
      "year": 2022,
      "category": "Groceries",
      "sales": 22500,
      "region": "Europe"
    },
    {
      "month": "December",
      "year": 2022,
      "category": "Toys",
      "sales": 6500,
      "region": "North America"
    }
  ]
  